date,SMB,HML,RMW,CMA,ESG,MKT_RF
2010-07-02,-0.01811774324838096,0.026365280646484343,0.010271719568308135,0.011639016576217104,0.0034157579945941485,0.001953
2010-07-09,0.002351042100114645,-0.012100196757247994,0.008081177493548398,0.0005317052289377996,-0.004142511757146868,0.024953
2010-07-16,0.0037247664199544076,-0.0011027434930558305,-0.005986511470277447,-0.007783246635594634,-0.0007996350705583456,0.000953
2010-07-23,0.0015828312144827578,-0.01286126637221885,-8.628698194307338e-05,-0.00014069662583797438,0.011665721979479932,0.003953
2010-07-30,0.0019523222943632261,-0.0007356356032525574,-0.004094740220954733,-0.0068079403029857955,-0.008879008183387889,-0.003048
2010-08-06,0.010434782198256677,-0.024570263870693426,-0.0022304941491269187,-0.0052999499613507065,-0.0018927753398533254,0.015953
2010-08-13,0.005424719510162786,-0.009013159070528385,0.0063059096790767785,0.003554527826145744,-0.002147874721388452,0.013953
2010-08-20,0.000234208648729378,-0.00034662602163570456,-0.002711655049405931,-0.015263112462121616,0.0012372877316861356,-0.018048
2010-08-27,0.013116996889763937,-0.020169631371033163,-0.007285524174699508,-0.011019396787734202,-0.010466109688892816,0.002953
2010-09-03,0.017556353515314267,-0.025396538522786647,-0.01434732401400507,-0.01811869204893749,-0.008693340567406338,0.001953
2010-09-10,0.002571373692230793,-0.013670667644154163,-0.007169387176552458,-0.007129483790944861,0.002604336151358889,0.003953
2010-09-17,-0.004271986841025418,-0.006414136283494999,-0.0006264757861379236,-0.0003213192900976998,-0.010024203769653149,-4.8e-05
2010-09-21,-0.00031526777145565065,-0.0004687987226428669,-0.005537177722839022,-0.008569519806157756,-0.00695709872072868,0.000953
2010-09-30,0.010302657781297023,-0.0387317975403686,-0.018256571436312936,0.01841243051344465,-0.01662248923008846,0.016953
2010-10-08,-0.0066286166933263975,0.00016771285137959918,0.0047905977942099,0.0018182629661119,0.003241681872603843,0.029953
2010-10-15,-0.04022012035491584,0.061939943780715025,-0.004297250975041861,0.03128083994575153,0.022359916711852,0.028953
2010-10-22,0.008051024564516887,-0.02098596237288824,0.011901723825600424,0.0018420237230563075,0.0002958457651262292,-5.3e-05
2010-10-29,0.01738248895340009,-0.015426335093473943,-0.015607912005576003,-0.01552085062200398,-0.01857774203940099,-0.003053
2010-11-05,0.005458424746165796,0.0005676085734362887,-0.013139157298682409,-0.010155954749571872,-0.017643766417295287,0.014947
2010-11-12,0.010103907833355831,-0.02861026430809932,0.0048845008206973095,0.001177566823808707,-0.017351634274178133,-0.053053
2010-11-19,0.013944307171567142,0.00014853933322433666,0.005800423153371075,0.004086925611574262,-0.0034967836882150785,0.010947
2010-11-26,0.009047301888274906,-0.02224736198391819,0.003244095652260276,-0.00291455990463535,-0.004221862018342452,-0.009053
2010-12-03,-0.0006594099898914376,0.007455649059010984,0.0023803796641597218,0.004476259843579664,0.009376395617208223,-0.001053
2010-12-10,-0.0009552899352508236,0.01336480313463075,3.617837502549806e-05,0.010434041479505251,0.006344774216572581,0.010947
2010-12-17,0.011342335482558166,-0.004359091507124827,-0.009176781563634308,0.0034419560593453025,-2.3648210631957434e-05,-0.002053
2010-12-24,-0.005345292029680404,0.017155541678975324,0.002180010929688576,0.01716366426387104,0.007824421618388776,-0.008053
2010-12-31,0.0010903470842585712,-0.019317305021945185,0.007782050977166623,-0.003062457261742145,-0.007352265804656292,0.016938
2011-01-07,0.002541891855475853,0.017836649350386515,-0.011761513999771595,0.003594353100139447,0.0040098405965276205,0.004938
2011-01-14,-0.011087084747324907,0.011992414573212477,-0.004717998792502627,-0.00772906748265488,0.002001603649454141,-0.013063
2011-01-21,-0.004846832488393547,0.017357699784053326,-0.012359432235196928,-0.016141166434999167,0.007380145108457144,0.011938
2011-01-28,-0.011532434658887527,0.012774574443150584,-0.00709585203212207,-0.0034577526569680404,0.003500131552273453,0.001938
2011-02-01,0.0053018064497495476,-0.006160117638707007,-0.007882817518967621,-0.002858336980847559,-0.002289754239097646,0.002938
2011-02-11,0.009068390767941966,-0.006269235647504506,-0.005805153343818009,0.0006670716516918515,-0.01126780446460978,0.004928
2011-02-18,-0.0036683666740507455,0.004801021594170086,-0.0160533451273566,-0.003404419987595164,0.0015804109046440445,-0.009072
2011-02-25,0.01537525649884384,-0.007429837860016881,-0.009279204308285069,0.005367948592897815,-0.011522572544663193,0.000928
2011-03-04,0.0038665173182920115,-0.0009914423254305717,0.0005892114339661192,0.001188744263157484,0.014688632484025488,0.012928
2011-03-11,0.010876158337858988,-0.00369296705342199,-0.0029874531353861603,0.003200288195208361,-0.007182647892933198,-0.008072
2011-03-18,0.005023616793545664,-0.002325674108540985,0.0005172762246371236,-0.009566400213227823,0.0010565824231712714,0.002928
2011-03-25,0.009460407441446723,0.003402470575051469,-0.001424925087162715,0.00699622930790246,-0.003026399104041455,0.010928
2011-04-01,-0.0032813664248668344,0.009905573473854129,-0.003787767442270017,-0.0009244526663846203,0.010185093943636866,0.012928
2011-04-08,0.002203302313631094,-0.0004093157479926127,-0.010350233031714891,-0.0021507714410487523,0.0036231092772643775,0.007921
2011-04-15,-0.002453357392612324,0.0008017812776941088,-0.014197488006632418,-0.0126879112952326,-0.0040467037385593435,0.002921
2011-04-22,0.008511638540555453,-0.004474231694476578,-0.007704632374332974,-0.003181500489410773,-0.007967721084662517,-0.006079
2011-04-29,-0.016239379030555057,0.007154764769434981,0.00583241472321943,0.0073640259874071376,0.0038816975882807812,0.009921
2011-05-06,0.008713651004502209,-0.006819309944943022,-0.006558721761786328,-0.010733542036413109,-0.006610967881937985,-0.003079
2011-05-13,0.015721855292598036,-0.003108857194039196,-0.0034751820751951984,0.005539356860196934,0.003813162649567984,0.008921
2011-05-20,0.0018319803832523328,-0.015209351112449282,0.0046456046754165155,-0.006113234720721322,-0.00816804516979657,-0.001079
2011-05-27,-0.01931095747547171,0.006158751192448117,0.005843256547718667,0.006625277572322841,0.0062862212135395,-0.011079
2011-06-03,0.0029639311065153256,-0.0039074136979390895,-0.003977191490475545,0.0010876491581926322,0.0014344582192235935,0.009921
2011-06-10,-0.0006489026311674629,-0.0020500381684311368,-0.005058935516048618,-0.005841476960580325,-0.0053999358769843036,0.001921
2011-06-17,0.0014148683250915063,0.003249265187162724,0.0024740809962132547,0.008332862538759398,-2.7800385632117952e-05,-0.007079
2011-06-24,-0.0018339945418080086,0.006637729290908251,0.0112607992084287,0.007088030586386712,0.004377616524749335,0.021921
2011-07-01,0.006627765591775411,-0.012205346640176392,-0.0030635167964147593,0.0046883803964884035,-0.004477316831331117,0.000921
2011-07-08,0.01977205574132807,-0.044811733163612935,-0.03056527011917297,0.003864668151897746,-0.027176914644065145,0.000914
2011-07-15,0.01239624298800025,-0.015505132554643341,-0.0013133595498271214,0.003790587076826942,-0.007170657072439719,0.003914
2011-07-22,0.0017728827313090575,-0.008540370188301533,0.003767221667643792,0.002642904995384089,0.0005998810487029133,0.001914
2011-07-29,0.0010319876896056847,-0.004440230790769002,0.003466167519792979,0.005004678508261661,-0.00244745995609022,-0.003086
2011-08-05,0.00849893462369936,-0.00991459063757023,0.009953960251503614,0.011256370322237207,-0.014954587296034947,-0.021086
2011-08-12,0.0027564757143401604,-0.014191101094670004,0.017908091452485737,0.015155845653673238,-0.006181680840840068,0.004914
2011-08-19,0.01312380416361352,-0.010170213642960144,0.01075336191448367,-0.0014412204361887134,-0.008448642261842245,-0.010086
2011-08-26,0.010378560473905427,0.023059003074538655,-0.014866232253311332,-0.021030485412237003,-0.005610603863430347,-0.001086
2011-09-02,0.002970864443408248,-0.003994929676531825,-0.002546297945105226,-0.003711453628447992,0.009610755967214488,-0.011086
2011-09-09,0.0024239074808803593,0.006522077925123722,-0.0057431963372245815,-0.01233663156077353,-0.003459412762290219,-0.001086
2011-09-16,0.005373632968968648,0.0009490821704948546,-0.008033073692081599,-0.008704819655435406,0.00045713673464453777,0.001914
2011-09-23,-0.002920961635862347,-0.004827293561175797,-0.004305978237913614,-0.011706348340999151,0.00208040517640206,-0.005086
2011-09-30,-0.012924174573423044,0.011234446500342832,0.013742371922671186,-0.004272176366223554,0.011497003216851286,-0.002086
2011-10-14,0.00603133569337087,0.007838744738210559,-0.01341980081536228,-0.0005205438518236863,-0.002363875004610411,-0.003086
2011-10-21,-0.005871409048675041,0.015134338367473075,0.005123797817933623,-0.005560769221803763,0.0040657255903705095,-0.007086
2011-10-28,-0.003548359219641254,-0.0003290312208125423,0.005548008175500732,0.01469116125638831,-0.002583799174735002,0.015914
2011-11-04,0.010159493019651631,-0.022430429600997483,-0.01053071533682612,0.002745024789438791,-0.006673165210277693,0.007914
2011-11-11,0.007817340787981755,-0.0010761428831290408,-0.006383022733806712,0.0023863012054349576,-0.004011218545973867,0.000914
2011-11-18,0.010006342617645613,-0.0061791632335723825,0.00426911008352884,-0.009123364337734162,-0.004065201329913726,-0.020086
2011-11-25,0.005834286846075796,-0.0071325179827129576,-0.000459749005643809,0.00467194109348768,-0.0024879530480731125,-0.007086
2011-12-02,-0.010468906612597806,-0.002455581803830861,0.013663375133921777,-0.0009775449602320227,-0.0017814050833345613,-0.012086
2011-12-09,-0.005383265860845339,0.025570752279121742,0.010672673898544364,0.0006380167091656966,0.009820961558934695,-0.006086
2011-12-16,-0.006071307023154362,0.021448886016250272,0.025500330401782845,0.01948848266695744,0.01710285793654517,0.020914
2011-12-23,-0.0076648973078768156,0.0139319878773797,0.004394605922739558,0.005111752389625975,0.00630361455930762,0.008914
2011-12-30,-0.013509669819824023,0.013377441206670252,0.005217624041110889,0.002567598514614805,0.00529312641780141,0.012914
2012-01-06,-0.009638600189031293,0.021065162637479512,0.014800071477166513,-0.01175336839180819,0.012019783640835238,0.007914
2012-01-13,-0.008980214320399976,-0.022296014360649968,-0.011949869767998514,-0.0066432360599505,-0.005308822478217429,-0.015086
2012-01-20,-0.01731234386987795,0.012362746221984262,-0.00162973905915079,-0.013909644663673105,0.014790129003167209,0.010914
2012-02-03,0.01143984410658366,-0.018001533230905867,-0.009213604920887145,0.007041291578464126,-0.015708483640167234,0.008914
2012-02-10,0.009558579656970472,-0.01596498289417421,-0.004372323535650764,5.333525748240503e-05,-0.010957406819032636,0.000914
2012-02-17,0.015262375330999913,-0.009614144710980304,-0.01421873017837646,-0.004868061354921176,-0.008071088995678488,-8.6e-05
2012-02-24,0.0009313167715212287,0.006992650545113201,0.008808923761622971,0.015162280928787825,-0.0041895297136546605,0.011914
2012-03-02,-0.0032437476083880213,0.004999701588455493,-0.008287883336671617,-0.0038164406055714688,0.0002610772710069289,0.014914
2012-03-09,0.01881898930827767,-0.009932948679434265,-0.007959421542903593,0.0005535972815150572,-0.0047737939173348775,0.008914
2012-03-16,-0.0072419352357468185,-0.02511891915117886,0.006042621665819193,-0.0033155874341170496,-0.0024134837863399178,0.013914
2012-03-23,0.004372150981239971,0.0106839245228096,-0.011118747028003471,-0.010564217502895962,-0.0044089668263431435,-0.012086
2012-03-30,-0.0045591443007989155,0.017845002106398902,0.027816210620540262,0.003863549811040132,0.009212425860103554,0.004914
2012-04-06,0.004682011374075324,-0.013006918457918008,-0.00819984424249625,0.0007104398612755997,-0.007218276025099766,0.001914
2012-04-13,0.01104612474684516,-0.0010482921029611218,-0.0038057452246664718,-0.0009406128854418868,-0.0027408805446175947,0.003914
2012-04-20,-0.0006457209679578397,0.008388035365868159,-0.006032834178876466,-0.0035027787503214176,0.0005626419893330488,0.010914
2012-04-27,-0.006431876814582361,0.008032581376091488,0.01496286628909025,0.0016349261886716355,0.005542040388717096,-0.003086
2012-05-04,-0.009095240050212224,-0.01343549829252081,0.006057094222709579,0.00841980796054667,-0.005328528423525797,0.005914
2012-05-11,0.00813457188773569,-0.00852848863175523,-0.003209670332655831,0.0002925255279919402,-0.006587623200815854,-0.006086
2012-05-18,0.008776320473194061,0.012155035928833505,-0.005205077910446023,-0.0031608157703342413,0.0030397565279774025,-0.014086
2012-05-25,-0.00670339377086541,-0.0001793707927404218,0.005245418304365994,0.011595830947592431,-0.003202851783257964,-0.008086
2012-06-01,0.0009029217618858793,-0.003512075509089982,0.004006272574917903,0.004888326143782016,-0.005091215123373592,0.000914
2012-06-08,0.0011485081859721868,0.006875000425184623,0.003581112404472786,0.00172405995527556,0.0022720940405168977,-0.005079
2012-06-15,0.00508416415041059,-0.009136423185221176,0.006135533948357419,0.011602098411958459,0.00438091620718245,0.004921
2012-06-21,0.006325301280878643,-0.002483022804247937,0.0005516646683178007,-0.0010651694877491062,-0.00019226458151624937,-0.013079
2012-06-29,2.0928223001026414e-05,0.011708828492943585,0.011407708506199668,0.005518907691003612,0.005234271470901362,0.012921
2012-07-06,-0.002497218796860704,-0.006917901001131487,0.013305275159302864,0.012082170053273191,-0.0066235844436920285,0.011928
2012-07-13,-0.005676632811498026,-0.00913873073514776,0.0014461242674213698,0.005134398928396945,-0.000380070548537427,-7.2e-05
2012-07-20,0.007101717622906192,0.007901194411821737,-0.015540538981020575,-0.012146900950565505,0.0009087311443826476,-0.008072
2012-07-27,0.0010869216172111043,0.004964025507337135,4.85984869974844e-05,0.00487401875561265,0.006037821285006288,0.000928
2012-08-03,-0.0054359460614255475,-0.00283647870942803,0.01292523594096021,0.012201101230472982,-0.002603255222860255,0.010928
2012-08-10,0.015728960211974882,-0.018748760842757197,-0.006527805719250601,0.0017266729192066538,-0.011727766350104715,-0.002072
2012-08-17,0.004536859018200319,-0.001573213056806591,-0.004609542111675354,-0.0013599833960430928,-0.0024787729995869555,-7.2e-05
2012-08-24,0.011824373444540771,-0.015475866217533453,-0.0026218185889747107,-0.000530590981054792,-0.0068763429122638935,-0.012072
2012-08-31,0.008838277949979458,0.01378255974931451,-0.004744025023568653,-0.008713396165889224,0.007088030281119616,-0.002072
2012-09-07,0.0028105808867895307,-0.009028060104737584,0.004700858076914692,0.008974196106227919,-0.007921356149246564,0.036928
2012-09-14,-0.00038611506582079627,-0.0030603504503126373,-0.009739336109479071,-0.004451979945190706,0.0024025354753026327,0.005928
2012-09-21,-0.002932207896671691,0.0002159054752336742,0.00739858575707035,0.002275979688329988,-0.001883052412783491,-7.2e-05
2012-09-28,-0.017683308776114195,0.00794909288940733,0.00874803337567152,0.007045417518568811,0.0040471961347858,0.014928
2012-10-12,0.008698630597099594,0.0008759161694251728,-0.005362735505669,-0.008240645768323293,-0.0028764246161995296,0.000928
2012-10-19,0.0011624572130314226,-0.0009691517217445997,0.009958471139050948,-0.0012211410104331786,0.00022783885436487852,-0.002072
2012-10-26,0.005410535216848277,0.015437083445830897,-0.008357384600206748,-0.008794272260343697,0.0020496700663553136,-0.017072
2012-11-02,-0.002453850054916876,0.010109134352761085,0.00887160104222318,0.0020899300776479547,0.004119490617706202,0.005928
2012-11-09,-0.0024720923948322038,0.006238345245967468,-0.002442659155466709,-0.0021046422650156803,0.00754773348955072,-0.002072
2012-11-16,-0.0025894615294017416,0.006867749405172666,-0.0025935178959964537,0.0008288089485226358,0.008954997446477469,-0.008072
2012-11-23,-0.0038754173484518845,0.01315745439339859,-0.00600128610757724,-0.006755110913555303,0.0054769156235989404,0.004928
2012-11-30,-0.01925280734141017,0.03213973624531525,0.01527310840382314,0.0069390709730935704,0.01300485514376997,0.008928
2012-12-07,-0.0031434475064625648,0.015717743977145468,-0.005179843417625681,-0.004584957061430306,0.007525274232648899,0.015928
2012-12-14,0.0008905994707948203,-0.00026581433034225666,0.012200267078567329,0.007273666052597952,-0.0017629241337393934,0.042928
2012-12-21,0.003899148547703778,-0.011059226716655187,0.0008240343647575482,0.00180971744154544,-0.003019533460089388,-0.007072
2012-12-28,-0.00224927743978345,0.0027858302213167392,0.007599887598152799,-0.004430862466822234,-0.008907693709541933,0.011928
2013-01-04,-0.005036457262943672,0.008061066119873929,-0.0013161423154236032,0.0006783665045799053,0.0034093320965033033,0.002928
2013-01-11,0.014407470416819328,-0.021053393076835264,-0.005039180653427319,0.00932240878483567,-0.011120462321680357,-0.017072
2013-01-18,0.00534666449142638,-0.012282528206911822,0.001779773898877124,-0.0003866293784982322,-0.004964007946133221,0.013928
2013-01-25,0.00019516776416681102,0.0016886540045157848,-0.006504001729533648,-0.0044537233492682425,0.004204112198738126,-0.005072
2013-02-01,-0.009982824898314173,0.012648203449965851,-0.002655207824033445,-0.007935918478923353,0.008081457885698716,0.013928
2013-02-08,0.0008587268254778058,-0.012208289012942106,0.007005102597046148,0.00376711361365396,-0.006123716826765248,0.007928
2013-02-22,0.019328101569424837,-0.018716601075491543,-0.008261163164624632,0.004359801936472299,-0.017531433342939346,-0.005072
2013-03-01,0.008227218249175602,0.0011004447236102435,-0.01252948282557877,-0.00819208580374112,-0.004247367883083997,-7.2e-05
2013-03-08,0.0018741976229122168,-0.014013328403349812,-0.017751503987848447,-0.005321676293408191,-0.005196390360167433,-0.003072
2013-03-15,0.003329965971454757,-0.0021216701189160983,0.008690788845176873,0.0009053708555424693,-0.004235714180128646,0.003928
2013-03-22,0.0009242862779353412,0.004733656252034129,-0.008704466506475763,-0.0046486783826308895,0.00047177628004261424,0.001928
2013-03-29,0.005319976144883944,0.0023477978355225804,0.0010083964563593199,0.0011774269512970365,0.005939219622105002,-7.2e-05
2013-04-03,-0.003843832033555194,0.008475475633657945,-0.0026629896857333587,-0.00428842534500497,0.011324580834233395,-0.002072
2013-04-12,0.005259810394290937,-0.000706104287528481,-0.0029661843890898282,0.0032348849743750845,0.0005112704621136222,-0.006072
2013-04-19,0.003956047069598004,0.008350169371783945,0.004315945820053138,-0.0005578081219467824,-0.0039631312979680365,0.021928
2013-04-26,0.0003876825454739268,-0.008516680642904725,-0.0014111443983145786,-0.007979209613017665,-0.004521231843981691,-0.010072
2013-05-03,0.005169315700975678,0.0005346465310924718,0.00015059176459564227,-0.004609728843436828,-0.0017288511862111609,0.015928
2013-05-10,0.010736161189025031,-0.01914082381289237,0.0005496623406936393,0.00787885325275009,-0.01098420760570556,0.004928
2013-05-17,0.002490965653450161,-0.0022141855918214053,-0.004884050127750714,0.0070584147819313485,-0.010414461811861515,0.014928
2013-05-24,0.01460493033985955,-0.012579452017935224,-0.006897631589687928,0.004710392721440346,-0.01117675823551968,0.006928
2013-05-31,0.008645547448639676,-0.004664839279607938,0.0008184534198199516,-0.00989996848263456,0.004216779682505957,-0.007072
2013-06-07,-0.005681332267087825,0.006580037585022215,-0.0031871332879947483,-0.005688133501605533,0.0030523600641945638,-0.014072
2013-06-14,0.0074793105850469764,-0.01075583398312742,-0.0010246450592696632,0.0046999047961973845,-0.006900053565315647,0.008928
2013-06-21,0.004312442381935705,-0.006341052399845532,0.002689044575365715,-0.00484977929474828,0.004253013816143909,-0.006072
2013-06-28,0.0055088096329191935,0.016050493684322556,0.019462024496712964,0.01698302240510112,-0.003765006440656194,0.015928
2013-07-05,0.00783865418275145,-0.021820489270398254,-0.003530666025310665,-0.006877132652140836,-0.012298269628027016,0.000928
2013-07-12,-0.0011076433848055908,0.0015581935361937936,0.016277809125268404,0.004424531355564284,0.0003724018123034759,-0.014072
2013-07-19,0.009231416530164098,-0.0005993111000262945,-0.010102104945471462,-0.005601635402974882,-0.015114426307900006,-0.015072
2013-07-26,0.0003983648366882725,-0.015097948546255896,0.003009915640279786,-0.002433222463979513,-0.0060485989180988145,-0.004072
2013-08-02,0.004666247919692964,-0.0016605533316884462,0.007692698457506984,0.007028773705306489,0.002106853769992329,0.000928
2013-08-09,0.00407553844141123,-0.005262974026958574,-0.003108772540596352,0.00719477516559653,-0.006099080584531989,0.002928
2013-08-16,0.004595484601912862,0.01979744815699377,-0.003797693075404489,-0.000483252622211429,0.010669123180364585,-0.008072
2013-08-23,0.0182403208022006,-0.00865039596177747,-0.00011773477060977866,0.003603877444154368,-0.017589132161651727,-0.005072
2013-08-30,0.005691043352010906,0.03165394754913063,-0.0007629103997917972,-0.02153360079351012,0.015246324055814331,-0.002072
2013-09-06,0.0033270229233454537,-0.005471032457217695,-0.013306120175438649,-0.012857336677459077,-0.014269226456214285,0.006928
2013-09-13,-0.018353215680342698,0.035625022950646915,-0.007037049512714708,-0.015193937872140987,0.01149040036266633,-0.006072
2013-09-18,0.006600952646271243,-0.00766879768743518,0.006656019611353141,0.0007357832132980599,-0.011434635263523958,0.002928
2013-09-27,-0.002779888347825461,-0.012867133991834506,0.009832576063866312,0.008098699687742284,-0.013382486241639922,0.002928
2013-09-30,0.002293706450680182,-0.0009043910859495401,0.0002288232663619043,0.0002663741833036637,-0.007935412023853129,0.006928
2013-10-11,0.007063309326201385,0.014138116279237126,-0.015560033450987916,-0.009517041222936356,0.0047945683852607815,0.014928
2013-10-18,0.005004901735947991,-0.009891668286350356,-0.0003227660008364459,-0.004199813550478704,-0.0013351214522744313,0.002928
2013-10-25,0.003991852771501279,0.007643477600698292,0.0027093870796434942,0.0005897673714823914,0.007376673153470702,-0.015072
2013-11-01,-0.010693922823932209,0.015418101808823638,-0.0008097468046909702,-0.002406132600446958,0.01652180341371771,0.002928
2013-11-08,0.00882665654688903,-0.0009801158034471458,-0.009058022105047771,-0.008537871302250293,-0.004566511500056901,-0.011072
2013-11-15,0.0052960666435452495,-0.013402499799167456,0.005096765513204864,0.006221639201223067,-0.003056420206451791,0.016928
2013-11-22,0.00655159112238397,0.0004891785341462686,-0.018285597951919686,-0.002714066035787683,-0.0026472555815721557,-0.003072
2013-11-29,0.0011513015397060329,-0.001172215328869675,-0.00430022330182474,-0.000817690686805813,-0.0036976108524736095,0.001928
2013-12-06,-0.013823159350857494,0.01795580224010318,0.005890628939991337,-0.00663795271238905,0.02105894420569317,-0.003072
2013-12-13,0.013629726941941173,-0.007395148175870541,0.008820106015342295,0.0006363851125109226,-0.015958695015519775,-0.002072
2013-12-20,0.0034677178079946976,-0.0072192848047880264,0.0010189232354998329,0.0037252616202708704,-0.0010021474095780816,-0.021072
2013-12-27,0.0026255313567743587,0.002344664190545696,0.006804907866957165,0.006177330381231274,-0.00010822847468427468,0.013928
2014-01-03,0.0037406081322241204,-0.009470288051443692,0.0015632779378157446,0.012441344369150628,-0.015997152719610382,-0.010072
2014-01-10,0.0014381865231502325,-0.001195995467333101,0.008485859443778561,0.010956161391030346,-0.0022903744729746017,-0.009072
2014-01-17,0.012377960911435669,-0.0008539814370086622,-0.009239909541258398,-0.0065476412521518704,0.006292813340418641,-0.009072
2014-01-24,0.00809295802730159,0.0030548563741231573,0.0009750573369180088,-0.00046221559950108965,-0.018501063908347718,0.006928
2014-01-30,0.008912627855790878,0.0043203943961510685,-0.008538792656465954,-0.005609598049930274,-0.009612246080067437,-0.008072
2014-02-07,0.0045315494236314,-0.003158580910627906,-0.007505096171492323,-0.002488498090293438,-0.005373808961512796,0.006928
2014-02-14,0.0016965135217131833,-0.0040376829982487405,0.0032416741274999762,-0.00607919972091113,0.0017825939078038864,0.009928
2014-02-21,0.012651206101076336,0.003578147093631196,-0.007579034202544595,-0.009134456366588082,0.0007057488398181395,-0.010072
2014-02-28,0.010751150698028645,0.0005836173338354678,-0.022860277759670013,-0.016959470694553083,0.0045751782688997775,0.005928
2014-03-07,0.012011013372711862,0.0037274553661800908,-0.0024597131310425306,0.0013091794087098894,-0.0004931743164605356,-0.001072
2014-03-14,-0.007403288189154023,-0.005654736906956413,0.011544506785735282,0.009351795218996392,-0.004362902648712397,-0.007072
2014-03-21,0.004059514662282873,0.01875152046188506,-0.003401937394402934,-0.006313640865249014,0.009250357550104251,0.025928
2014-03-28,-0.007618330203751478,0.016463272536168267,-0.004018486253455925,-0.009967741972927987,0.009336259316132516,-0.005072
2014-04-04,0.0015221607726728266,-0.007287246340963469,0.0002943949550359357,0.003302037925783024,-0.0003868905838028056,0.008928
2014-04-11,-0.008255223331971645,0.003389604012742128,0.005611665891872245,-0.006973921994617039,0.001784879556954305,-0.003072
2014-04-18,0.014712359342593913,-0.0069553101959948785,-0.0062419584248496465,0.0023668532151224727,-0.007689886579152066,-7.2e-05
2014-04-25,-0.010772152782131065,0.011030760063560891,0.0022930850908645943,0.0005562247043234755,0.009439518484322118,-0.012072
2014-04-30,-0.002991833945012564,0.00013851691789301158,0.008423753787870225,0.0037887734516229006,-0.00494756025901726,0.002928
2014-05-09,0.003323630672683613,-0.00934001186660626,-0.01146686667809965,-0.009430947601068234,0.005968119825432069,-0.003072
2014-05-16,-0.0015304054775975068,0.005670940015080534,-0.001517014904484009,-0.003395496412442807,0.0003803982524739885,-7.2e-05
2014-05-23,0.00791664654926063,-0.0011483003287960022,-0.0017631665503347364,0.006652093970903928,-0.007652192735126381,0.007928
2014-05-30,0.0025197338977453604,-0.006004911628182817,-0.008327269146379877,0.003413360966465205,-0.0019937905645053345,-7.2e-05
2014-06-06,0.003469843228928227,0.0008899748313825052,0.0014063041021176734,0.005254861736934152,-0.006278041695491518,-0.005072
2014-06-13,0.00016266089052315198,-0.007781335228159084,-0.0030151337199288853,0.0001032487096870073,-0.0011476171749946961,0.010928
2014-06-20,-0.00360883977938086,0.003080918890494957,-0.004111925317917483,-0.004893410378198973,-0.000336465193602406,0.006928
2014-06-27,0.008352044631961247,-0.00646808668448063,-0.009584872433877498,-0.011496804646060572,-0.003278534391873707,0.002928
2014-07-04,0.003386001500977594,-0.007507274964184615,-0.0013579100043271328,0.0049137249230273355,-0.005587888670160482,-0.001072
2014-07-11,0.01232688917757224,0.008343928377511325,-0.012878025848738144,-0.01025028881414684,0.008015003410005127,0.006928
2014-07-18,0.0029168001203731912,0.022813423554352688,0.00528530112100771,-0.008267230518716398,0.01392018722744467,0.002928
2014-07-25,-0.011303278342825412,0.0221252500341417,-0.0020912326739499325,-0.011624190772065834,0.015501137847239038,0.009928
2014-08-01,-0.007274329207448135,-0.006582844519999779,-0.004496966707976953,0.007909676394181518,-0.002224560516240256,-0.008072
2014-08-08,0.0035206592017823037,-0.006551229453460355,-0.022597918263401698,-0.0005968624274350944,-0.00127257790341782,0.003928
2014-08-15,0.009513328141765236,-0.0051917683581705724,-0.009698410844321879,-0.0011233476152731831,-0.009663047258283364,0.009928
2014-08-22,0.009879677304688255,-0.009256481771649314,-0.010177445373956193,0.001954749268280677,-0.016458655650400444,0.004928
2014-08-29,-0.0007457996306164225,0.0013972794792761409,-0.0010271927280064463,0.0056571138467530115,-0.0034813310570399607,0.009928
2014-09-05,0.0011582089208968876,0.002715230705904667,-0.010853494465489805,-0.0015102908024610118,0.0005407329039965393,0.007928
2014-09-12,0.01477062463652231,-0.0028567281603658237,-0.018221473516588496,-0.0021486370155617343,-0.008849007634343969,0.008928
2014-09-19,0.01581610154940835,0.011000053014687618,-0.010820084958414649,-0.007845371238196966,0.00931867070041767,0.006928
2014-09-26,0.009043584921857886,-0.009025046843060262,-0.009608893404858654,-0.003960119421434796,-0.0070049856674342225,0.001928
2014-09-30,0.005047925025682415,-0.002119348212987496,-0.0017474517143475814,-0.0030692557602876105,-0.003914055601178064,0.002928
2014-10-10,0.0031707493113524413,0.00048644326945390323,-0.0037476485630501717,0.003059848636124598,0.0018772237074632363,-0.005072
2014-10-17,-0.007022626060179691,0.0028557737205864644,0.0029935272426776377,-0.0023694021523606237,0.005857171262093043,-0.007072
2014-10-24,0.004791554527403834,-0.011670731673672477,0.011869724652522704,0.010821903568091474,-0.009229729259300008,-7.2e-05
2014-10-31,0.0044708399893562045,0.03546947072375213,-0.016521438364972746,-0.022599441479095345,0.016213169830855176,0.010928
2014-11-07,0.0052196259334046854,0.016310598051051006,-0.014964185225023546,0.0008789633105344566,0.008507050779272215,-0.005072
2014-11-14,-0.021568152159680182,0.025510407390544214,0.00507501192594646,-0.009146314242988032,0.020472332595016702,-0.001072
2014-11-21,0.012697475121401248,-0.01527788908150119,-0.008159067143856964,0.005999044580122036,-0.012672630118046577,0.013928
2014-11-28,-0.021208851407709776,0.02955421203030243,0.0005888177580963064,0.005497450689652184,0.024572473315856862,0.019935
2014-12-05,-0.04513926094537557,0.031616961038425595,-0.0005082396585487925,-0.0050114369720136364,0.031844816858558,0.010935
2014-12-12,-0.003391315989849293,0.03898552788649548,0.004172053421276564,-0.0003882879117167379,-0.001093180074679595,0.004935
2014-12-19,-0.02156141027668056,0.06904595741343664,-0.010830896365216029,-0.020573969624291796,0.03715816819864343,0.011935
2014-12-26,-0.0038898834183974523,0.015902383606290368,0.018867340609730224,-0.005648412413002643,0.015555217581043184,0.026935
2014-12-31,-0.012557064814994323,0.03520089916236013,0.01160673103837508,0.002118227826152732,0.0209155085951924,0.021935
2015-01-09,-0.006941373609342386,-0.030613289677557,0.005173901625218757,0.0008470732075530375,-0.009865803793788895,-0.002065
2015-01-16,-0.011694262058984509,-0.02172726387670876,0.01451940463148441,0.021021244840029856,-0.009027513165698315,0.012935
2015-01-23,0.016414341225982426,-0.03687343850839095,0.003552663619808253,0.015179816927102638,-0.013938521184926972,-6.5e-05
2015-01-30,0.0193422154589704,-0.006617544818249026,-0.008124234515628074,-0.002517843627850513,-0.014890769287164188,-0.015065
2015-02-06,0.0042686246204362175,-0.0337592297221942,0.0056069299080629895,0.012876745353228495,-0.01541275717130456,-0.021065
2015-02-13,-0.005958190088209568,-0.00039635263322870823,0.002858790355780204,0.011830015795388851,0.0005090410951906071,0.010935
2015-02-17,0.001367310685075198,-0.004866830160727718,-6.646475609010591e-05,0.006193196309871682,-0.004541076660057986,0.007935
2015-02-27,0.006600590037824281,0.016109562728700566,-0.010156025263240649,0.0001999784899174052,0.0011156084069252198,0.004935
2015-03-06,0.023274561966559283,-0.01566791524206507,-0.017559173323853372,0.002114549713864888,-0.027193179741368714,-0.005058
2015-03-13,-0.0013990519066330671,-0.0031981982824020663,0.009325931794835656,0.0039927329753335775,-0.003328180997697855,0.007942
2015-03-20,0.004769067827999889,0.015123931824814668,-0.01891135160103011,-0.0008196409161080331,0.0007228379440685356,0.010942
2015-03-27,0.0031259367684949076,-0.010993323865695594,-0.0015949483625604804,0.014581755846879653,-0.009329611365179845,0.004942
2015-04-03,0.01014433464777934,-0.008333237883852547,-0.00625028261803573,0.0006656569536320488,-0.011970842837436949,0.011942
2015-04-10,0.009307918448030614,0.01891000844649977,0.018238061182629568,-0.003093847080503684,0.008729612722021956,0.021942
2015-04-17,-0.014133814361109272,0.03774460446811473,0.0003636456076538674,-0.02278464602233885,0.023971090461505924,0.017942
2015-04-24,-0.012182515644951705,-0.00742863418515885,-0.04241184349872439,-0.024657236284280216,-0.018511833405631062,-0.005058
2015-04-30,-0.006775257993090156,0.005939068455989739,0.001840865171433489,-0.0007840128697144304,0.0010664011568125593,-0.006058
2015-05-08,-0.0001197730664907852,-0.060818251327589584,0.006812669190122925,0.021787289874365897,-0.03573789954312095,0.027942
2015-05-15,0.02776041250186204,-0.04348098080396277,-0.025007159460923342,-0.002314400014168439,-0.030263800025543824,-0.015051
2015-05-22,0.03153290541701041,-0.024659094883223348,0.005386840581461452,0.009008274107382449,-0.01480501644634595,0.023949
2015-05-29,0.03712960633002687,-0.029932415597072368,-0.00740086846613247,-0.0005313753915272418,-0.006168552941928234,0.002949
2015-06-05,0.025714159640927357,0.03804637183413306,-0.012661043231763106,-0.018813885656955687,0.01442403608061971,0.013949
2015-06-12,0.02064993176660729,0.01923389720908861,-0.014937206927376503,-0.01357211303309111,-0.011895414166141531,0.010949
2015-06-19,0.004197473090730756,0.01987231161325767,-0.013028691884446069,-0.0045980189212226075,0.007348168446415977,-0.067051
2015-06-26,-0.00948573283767365,0.03070927438684813,0.0073765219678894045,0.00985282942488108,0.023542938417455157,-0.080051
2015-07-03,-0.055651469229641495,0.006538141560915728,0.06560615975332551,0.047572857282077864,-0.01050552148238562,-0.061044
2015-07-10,-0.05382211781372845,0.051750665323695565,0.07584470574493501,0.023707803926467333,0.03681617071044911,0.055956
2015-07-17,0.044379565229369186,-0.043168194771508864,-0.00991411513001178,0.004957782840039379,-0.026430841204683364,0.040956
2015-07-24,0.02840813785179025,-0.03099372799986795,-0.05117463197621505,-0.027984174627774645,-0.022423887002746477,-0.015044
2015-07-31,-0.015043156111786419,0.0013315767349112162,0.009823878033616644,-0.010453445260732013,-0.00818244201768209,-0.011044
2015-08-07,0.01488099709658458,0.006305959859684567,-0.008880724467653103,-0.01184984724204828,0.012021283344138059,0.025956
2015-08-14,0.027757645207942338,-0.00766516080191712,-0.027064523929785717,-0.02858551201469842,0.00925695526835052,0.002956
2015-08-21,-0.003144662175457471,0.006697786214891019,-0.01923317940890279,-0.015491915065318163,-0.010233542943096556,-0.050044
2015-08-28,-0.005738823372887416,0.011218853119663431,0.038497619922905874,0.0015204532253179914,0.003167880254403427,0.053963
2015-09-02,-0.06433165340603621,0.03914792298005873,0.06080028911487901,0.018314097859494047,0.02363574953678202,-0.003038
2015-09-11,0.05422871342344315,-0.035388240882673866,-0.046473151345210996,-0.014110330414778646,-0.013680539923509365,0.000963
2015-09-18,-0.011131507539433805,0.008019308395894001,0.009736903542904045,0.013300992408175977,0.009011900297119171,0.005963
2015-09-25,0.015282028573568153,-0.017725368629359552,0.002367832950698494,0.0033492213794730236,-0.005607560717107075,-0.021038
2015-09-30,0.006346966761790468,-0.010778429384135924,0.007482263334926315,0.007762045496492616,-0.012969660057585741,0.003963
2015-10-09,0.002937644854541696,-0.010208780034028695,-0.007432809670370895,0.0014745900001083,0.005512734434516289,0.014963
2015-10-16,0.01015820023554042,-0.02974335515070335,-0.019541329576324498,-0.002240261155721221,-0.01094579133164017,0.015963
2015-10-23,0.009554137444432368,-0.017558093652141747,0.018746195779050942,0.010023612006323412,-0.008736769127843328,0.018963
2015-10-30,0.01353688789728194,-0.0017883976652201922,-0.007200085679663994,0.0026817890558081536,-0.0004954884892769324,-0.002031
2015-11-06,-0.010968265393716974,-0.006821164840078303,-0.0016833146084294648,0.02101662316560854,-0.002141489427948659,0.021969
2015-11-13,0.013511032066750472,-0.01110443704948058,-0.007355763142288599,0.010611003490839677,-0.016985059145503356,-0.016031
2015-11-20,0.015355025721406254,-0.004554009233498284,-0.012215002795137802,-0.002897632871860567,-0.005844395931162892,0.005969
2015-11-27,0.015134264288120897,-0.006366074575805042,0.005062688878519864,-0.007080445125252798,-0.007364098358273201,-0.059031
2015-12-04,0.008025395450835497,0.005830899475793242,0.014747219460542409,0.0030325176889857593,0.002322084981937929,-0.015031
2015-12-11,0.0028442044732061656,-0.014010332750016504,0.01460283795205884,0.004211888738192685,-0.004462488079682222,-0.007031
2015-12-18,0.017300487024355556,-0.003364621858337642,-0.008081074335546952,0.004081680064638368,-0.0075332443720096546,-3.1e-05
2015-12-25,0.007348550191260463,0.013421152689080257,0.003751647705468408,0.0035886333601459174,-0.00019737694913619932,0.003969
2015-12-31,0.01005355330277784,-0.004856166611229066,0.006743799418935485,-0.0005852356945414762,0.0033463699476656075,-0.012031
2016-01-08,-0.011406851447923595,0.05324042192008674,-0.008844726928975269,-0.019993747885695468,0.0391367940071518,0.016969
2016-01-15,-0.015119429790741582,0.01474893355062605,0.03994192649994421,0.027479669131485415,-0.004439623931461328,-0.037031
2016-01-22,0.009212928106974744,-0.018358786273905255,-0.009704426611809234,-0.006086654590437401,-0.007673630287561509,0.012969
2016-01-29,-0.01069071188525863,0.002028167156525179,0.0027027682053917808,0.005327331931819265,0.0033106432946387178,0.033969
2016-02-05,0.01803060108707019,-0.023478383255702288,-0.002643328242236131,-2.088229948057907e-05,-0.014927078569175087,-0.008031
2016-02-19,0.00996634773350839,-0.017269356179583518,-0.0211947620658529,-0.005377359200932484,-0.012346943525866684,0.000969
2016-02-26,-0.006569130297433903,0.032543382360020884,-0.012145880312911849,-0.021111762202138347,0.011306200295213287,0.006969
2016-03-04,-0.023381209100597274,0.03401917072566056,0.008097771140754141,-6.636014880296616e-05,0.03290284402930749,-0.002031
2016-03-11,0.01130498508613251,-0.01726319466215108,0.010817545666665295,0.005962342032470931,-0.007809532186166194,0.000969
2016-03-18,0.010156568198002622,-0.02575031225417193,-0.00020712349957162368,0.016087271011251097,-0.018401806289767814,0.021969
2016-03-25,0.011177339223924441,-0.014157558152123832,-0.00245987289591389,0.010363600735564051,-0.01274426163448815,0.005969
2016-04-01,0.00389583945804449,0.005973467158100387,-0.002097325430566517,-0.004066349206673519,0.0044757065524055496,-3.1e-05
2016-04-08,0.010672458940816145,-0.0033703925375174817,-0.0031517850853965547,0.001728205975879113,-0.00977049137042508,-0.008031
2016-04-15,0.005926920288517112,-0.0041827825939374785,-0.008980339855538401,-0.0057132748854199005,0.002978376922790439,-0.001031
2016-04-22,-0.004993817590011281,0.01437072227350368,-0.00015509499844144906,-0.0100026942585177,0.008417269670929227,0.004969
2016-04-29,0.00470246077403077,-0.0051627236588447575,0.00475102193000359,0.0017621768252260746,-0.0048153527811122575,-0.002031
2016-05-06,-0.0031792622190876018,-0.003700945683114961,0.009662131712923322,-0.0004942938120767286,-0.008172438541717866,-0.032031
2016-05-13,-0.014171594312948118,0.004668300185596608,0.020282048172028645,0.002361005545809841,0.0029121454371039,-0.003031
2016-05-20,-0.0014777144860910452,-0.012374009940611271,-0.007537842209791287,0.001664408706780915,-0.0046871971590657395,0.007969
2016-05-27,0.007235865122228637,0.0013387820174529837,-0.0037149316595452304,-0.005043330715579441,0.0005162499065841302,-3.1e-05
2016-06-03,0.001267883167829038,-0.016134737084240233,0.0016324598634967907,0.006118831890063611,-0.0024309995182313147,0.004969
2016-06-08,0.00445222683344276,0.0018252223757926637,0.0012197927292088512,0.0048874355734789075,-0.0025087553498042703,-0.003031
2016-06-17,0.007971658547370886,-0.006501383311278596,-0.0008340811627557059,-0.00014736382669623682,-0.0017755946643848075,0.005969
2016-06-24,0.00436263376755446,-0.009730797548149185,0.006171101578083359,0.007311037119796477,0.0049306527462000425,-0.010031
2016-07-01,0.0031345245362333525,-0.0046423391049614385,-0.004076739286641793,-0.002177203238325088,-0.002948186985461454,-3.1e-05
2016-07-08,0.004527927598339169,0.006094125599324197,-0.013839151925388642,-0.014505012815705388,0.012272379547624336,-0.005031
2016-07-15,-0.009645930967127464,0.011619096622758477,0.0047879556341166455,-0.006676809167640966,0.009478652120307268,-3.1e-05
2016-07-22,0.004953419440702384,-0.019463839194491364,0.0006549448784264125,0.0020356179573829992,-0.008255263857251987,-0.008031
2016-07-29,-0.006935084069442446,0.025473311056731854,0.029688353926418626,-0.013372615921932264,0.017634666999353364,-0.005031
2016-08-05,0.0024737429743540394,0.011219586649652686,-0.010233744893583216,-0.003597186529758435,0.0032608378271613303,-0.002031
2016-08-12,-0.00692755321475929,0.013498614580156252,-0.0029894348775818536,-0.003989157608245968,0.009809111362569484,0.015969
2016-08-19,0.006308716038823853,-0.002988506470566241,-0.0019222627325240944,0.007111652403562305,0.0004262806068460051,0.001969
2016-08-26,0.008911471737213827,-0.008960895927882153,0.004767255224087698,-0.0024379459528187032,-0.0036722549354443143,0.000969
2016-09-02,0.0003975526961096081,0.0014768926745689845,0.001382235083889548,-0.0035074529664471266,0.001402251160598853,-3.1e-05
2016-09-09,0.006834915104724537,-0.0020229265778688183,-0.006629152255574904,-0.006885660521825234,0.004391280574898739,-0.006031
2016-09-14,0.005334530625140477,-0.0008029044926363277,0.006467569333091824,-0.0007393256091389327,0.0019284351058337992,-0.007031
2016-09-23,0.004744886441572763,-0.0018832672187326337,0.0006878153657948645,-0.004979434759585379,-0.0004323165243511288,-0.003031
2016-09-30,0.0022726515227434424,0.0029336433019195927,0.003129808271965414,0.0010115017493991165,-0.003316714626031721,0.002969
2016-10-14,0.007025351066387911,-0.002638476240590111,-0.013852083619499684,-0.006537640277757335,-0.00022270652868259386,-3.1e-05
2016-10-21,0.002954512180172661,0.007856301524752087,-0.008477125870173383,-0.010193856176980988,0.0050957368221803455,0.000969
2016-10-28,0.001618242914143856,0.006800110795806993,-0.0015333495663354126,-0.0025305756410461872,0.0010630800636899074,-0.004031
2016-11-04,0.007627169167091855,0.0036275993434428475,-0.007079626593812022,-0.003688791067896572,0.0018535932708304388,-0.003031
2016-11-11,-0.00030671014281884613,0.021288174397166033,-0.02782391614398012,-0.022472673167658583,0.014227450033906469,0.006969
2016-11-18,0.00245096755546141,-0.0017559975649333408,0.002900241895333628,0.0015933055470581086,-0.0026163201360248967,-0.004031
2016-11-25,-0.007942540968813312,0.020642892246850647,-0.0016647810468198405,-0.0057761196292382645,0.014536164715906888,0.006969
2016-12-02,-0.013064400764896778,0.004873384384745116,0.010695821981634428,0.0021771702474928413,0.004276502711292252,-0.010031
2016-12-09,0.012378684648004772,-0.0005569464165653972,-0.007816058550654075,-0.010938022860398041,-0.0017357296046252235,0.004969
2016-12-16,0.012471679464878118,0.002467845661177193,-0.00979942700118046,-0.014948169752671422,0.00469478612525471,0.003969
2016-12-23,0.0030264770114558585,-0.0007534694103743894,-0.0020111765452920163,-0.007133662682569895,0.001912941610817144,-0.009031
2016-12-30,0.005196812845272536,-0.0021204055162993545,0.0017471477592694953,-0.0030622640717341194,0.002942174036958465,0.002969
2017-01-06,0.007646467937193591,0.009597656523078606,-0.016232796507803616,-0.018785484443758875,0.009948428308439441,-0.004031
2017-01-13,-0.012363833411028393,0.010029374356426056,0.006382715435420343,-0.0028777020395658643,0.006382039912148651,-0.004031
2017-01-20,-0.012850928753422228,0.017650615470525058,0.008582926250148972,-0.006922285737296476,0.014619638801001757,0.008969
2017-01-26,0.0018742112219764233,0.002666350256170409,-0.013210734161770826,-0.009240874599823572,0.001000363982666081,0.004969
2017-02-03,0.00015962722321252352,-0.0046997093914881325,-0.00046305536115042156,-0.0009365714128242658,-0.001279216121552033,-0.006031
2017-02-10,0.008682924637561207,0.020017156516714662,-0.018373072040610332,-0.01714755537912217,0.009088629828870338,0.002969
2017-02-17,-0.0011606468224190606,0.0015555316444602033,0.0013228211633880072,-0.0013760730860299696,0.0015994411362241715,-0.008031
2017-02-24,0.001578846190973652,-0.007551619983217481,0.005951961204082857,0.004726435618877086,-0.0027649627072160315,-3.1e-05
2017-03-03,0.0011291891162310698,-0.013248879835421938,0.00016501472670353307,0.005990369798976434,-0.0077972051535636095,-0.002031
2017-03-10,0.004026314044944512,-0.008939465285886669,0.014486476281302774,0.009589244624336477,-0.006223868597483546,-3.1e-05
2017-03-17,0.0013518819235824847,0.0005675100366523202,-0.0008476058692427553,-0.0037409937582660703,0.0021444398356308745,-0.009031
2017-03-24,-0.0023524632426781093,0.005015881578324579,0.015664469656847587,0.0004021879102973523,0.006439149030635446,0.005969
2017-03-31,-0.005623242648488763,0.011544899202522958,0.0025289435715728226,-0.003789784948125069,0.0036813209570392405,0.004969
2017-04-07,-0.0014743671883670866,0.010336061372415696,-0.007159132105575519,-0.001169342250230375,0.006544341765095739,0.001969
2017-04-14,-0.011983196827696259,0.016909196551500482,-0.0015676889034647696,-0.0026200595180216487,0.01042214727584652,-0.011031
2017-04-21,-0.009863895027721479,-0.0013898290079336767,0.044103114612138984,0.012793669951902413,6.618654883874114e-05,0.000969
2017-04-28,-0.002351346643670137,-0.0015816328074564207,0.01344144798889792,0.014401760620942932,-0.004732711113627786,0.001969
2017-05-05,0.005174881023881529,-0.0028426619711432663,0.009965852308129082,0.00571274140583426,-0.004484317166396509,-0.008031
2017-05-12,-0.015917056938028952,0.008383633564920483,0.02556001920581857,0.007802807771942359,0.003468076594909851,0.006969
2017-05-19,0.0013879688491886125,-0.007857341403012941,-0.005789084318219624,0.00413069436682191,-0.006830435380143989,0.000969
2017-05-26,-0.017202971270513644,0.021903239414438117,0.021145213855451758,0.012521102173008229,0.010516362084567377,-3.1e-05
2017-06-02,-0.0071197646382651905,0.011872053890053738,0.012591594956628586,0.0020960326556893408,0.001916038167307634,0.000969
2017-06-09,0.007076904078305945,-0.013272186113055721,0.005032860953605486,0.0005344723622940015,-0.002671222660877652,0.002969
2017-06-16,0.006333249235558888,-0.009647005083813243,-0.015580530947419596,0.00019527038808281932,-0.0032403511261029226,-0.002031
2017-06-23,-0.0117404068047446,0.0075375639544938795,0.010774352134373505,-0.0006155534027552341,0.009786136356737241,0.004969
2017-06-30,-0.0003498847370354474,-0.0015668235614371413,-0.0046954658184597785,-0.007735302006446981,0.007475344778160031,0.001969
2017-07-07,0.007054451552149645,0.005788637236945045,-0.027400946146627254,-0.006594861228248436,0.007042768819370856,0.000969
2017-07-14,-0.007188914306765062,0.01714206877601246,-0.006281083893103947,-0.012642204803462436,0.01685265577856245,0.001969
2017-07-21,-0.015838421378099543,0.029891296232748343,-0.010994061739563844,-0.01679469866146479,0.02818855281117132,-0.002031
2017-07-28,0.007567425300788536,-0.011303918067560969,-0.0021061451918767977,0.0015524513950178828,-0.014146443001346657,0.001969
2017-08-04,-0.0002078360408079606,0.0145312848368553,-0.035095779270371934,-0.023710233968105215,0.013841922960093612,-0.004031
2017-08-11,0.0015203517564771534,-0.019225344713338786,0.016150196105141144,0.014893110965647645,-0.009377556745996279,-0.017031
2017-08-18,0.009428197761884563,-0.006131020687693986,-0.005759057015862379,0.004496853829193605,-0.006615430846838828,-3.1e-05
2017-08-25,-0.0035394001920303897,0.0038939580240293283,0.0021148661147869867,-0.0036356516885618314,0.0042354828090167785,0.017969
2017-09-01,0.002738634022061253,0.0020892210921045623,-0.01621598017897173,-0.009283152328275424,0.0007608841232958247,0.001969
2017-09-08,0.002278402481864498,-0.011999593007697288,0.005211750584366539,0.013759236851757192,-0.007883177582410179,-3.1e-05
2017-09-15,0.002873006444774343,-0.00894278453660904,0.004708849930892652,0.006738110368735005,-0.003183651220280411,-0.004031
2017-09-22,-0.0005779782081945184,0.0013090246104885026,0.002643381059747272,0.004758783973058649,0.002880663383458936,-0.001031
2017-09-29,-0.001398931839839749,-0.009417833545536993,0.0038004099562331545,0.0007211981748429907,0.002285063075846896,0.003969
2017-10-13,0.002265099331577791,-0.01199705665107777,0.019288083016623256,0.01642639463953758,-0.00719858551515281,0.001969
2017-10-20,-0.00964843969911625,0.005253871137899194,0.021226649122856756,0.012339920954970695,0.003751948465136601,0.001969
2017-10-27,-0.006755386274627593,0.0003761923719954986,0.011467496624996349,0.007946809538416097,-0.0004604595713453008,0.002969
2017-11-03,-0.006066744238427156,-0.004782489566597461,0.016372941489767683,0.01481723693970676,-0.0009947043276554574,-0.004031
2017-11-10,-0.0033692259861609146,-0.011391919294315277,0.0020111990857542388,0.010901516762829515,-0.007377516344716176,0.001969
2017-11-17,-0.017690998888866626,0.011834356686947932,0.02063945568043328,0.0025194682372133713,0.011369376980100413,-0.007031
2017-11-24,-0.008188723649121214,0.01356085066177795,-0.016383744032998273,-0.014639587579430544,0.012784740330645536,-3.1e-05
2017-12-01,0.014872018545077319,0.005401691077953122,-0.014076805729009585,-0.010320315892767966,0.006644463524182217,0.000969
2017-12-08,-0.006980203527209974,0.00015824182637303244,0.013362042977028091,0.012160207388607586,-0.004987550599328518,0.006969
2017-12-15,0.008133688787263909,-0.01348725832254098,0.0003014298714968883,0.005779614615712322,-0.005953785343795373,-0.008031
2017-12-22,-0.01205482178075892,0.011945635762207536,0.008238186516144805,-0.0005277696813018614,0.007825051961983936,-0.001031
2017-12-29,-0.003336012591767037,0.010754174189606796,-0.01282439091427372,-0.007186373809761797,0.00798175384032234,0.004969
2018-01-05,-0.0036134854529773852,0.00937406714352497,0.0001927876085633315,-0.0027044544575759587,0.009729531856287485,0.001969
2018-01-12,-0.00972835940855615,0.0033453434554598822,0.005618437453383795,0.0018387202313101469,-0.002390100572928216,0.001969
2018-01-19,-0.011386119208388348,0.036798763152311766,0.0106462567500239,-0.007899520216646416,0.017127474596023567,0.002969
2018-01-26,-0.007238287858654945,-0.002100504987405664,0.0021651790544310844,0.005215098211207379,-0.0096784714157319,0.002969
2018-02-02,-0.024137142444343247,0.026528533709425917,0.02079816163858413,0.0008645206572419349,0.01090094571131639,0.003969
2018-02-09,0.014320237074895643,-0.0062243424975046285,0.014740486733043873,0.0130799820383386,-0.021135222311808862,-0.040031
2018-02-14,-0.0006968994099922562,-0.009879928151559948,0.003092384796213335,0.00934935305127202,-0.0043606080867632175,0.005969
2018-02-23,-0.002629807047123229,0.0009783375920774454,-0.011935362446096585,-0.002495734434090502,0.00598189975580659,0.004969
2018-03-02,0.01571292928155676,-0.04036782058712883,-0.005798655573235521,0.015612827141706516,-0.0216125335656968,-0.007031
2018-03-09,0.0018715374843658933,-0.010532397309928507,0.00929767920998921,0.014006410718912898,-0.00848239856462472,0.007969
2018-03-16,0.006719907502422372,-0.0063455982697704074,-0.005459034634858504,-0.0012297518774611648,-0.0008170587855771379,-0.008031
2018-03-23,0.002315216633640295,-0.012028293394175708,0.017246479035239792,0.0008488914993183827,0.00040260101686261096,-0.036031
2018-03-30,0.0089164096275482,-0.034113667228863005,-0.009111482247992513,0.014590584229159119,-0.026412320862209945,0.003969
2018-04-04,0.0020243197830275136,-0.005638571939836343,-0.00025466857716353007,-0.0049090992650066,-0.002086031743527329,-0.004031
2018-04-13,0.0021089004751859482,0.00953823289647726,-0.0015116208725241926,-0.001231308898929342,0.0019049178165742172,-0.006031
2018-04-20,0.0006249399561593223,-0.01243500455953168,-0.010979014978953629,-0.00040268260738961567,0.0011370267865575337,-0.015031
2018-04-27,-0.0010582891105795867,0.009392893482291307,0.011645541214260294,-0.0006281569831680584,0.00014457436095989594,0.002969
2018-05-04,-0.0035822102671440852,-0.0009059930814035383,0.014470906217796637,-0.0009831386481959333,-0.001621560021973405,-0.004031
2018-05-11,-0.002164457164938563,0.002953753556009714,0.0013496368976182865,0.0010777184575702233,0.002140883055421948,-0.004031
2018-05-18,-0.00427748721744981,0.008855068989125766,0.004088532853665027,-0.0013065346840847585,-0.0011741545314528554,0.011969
2018-05-25,0.0034559409489946305,-0.004806100447036865,0.009663871414600102,0.007895964284419663,-0.008073403351394998,-0.005031
2018-06-01,-0.004583522218500525,0.006386239323470679,0.02058579631452759,-0.002814366322334886,0.007094245213593298,-0.008031
2018-06-08,-0.00398419536871072,-0.012932780561429522,0.010808104419165031,0.005609244181481515,-0.0012473054108705125,-0.013031
2018-06-15,-0.009786275093466565,0.03032525086312652,0.0043400224406283175,-0.008584551415052995,0.01755584230870217,-0.007031
2018-06-22,-0.007770922461337416,0.01359131823137917,0.028937590205361907,0.009549264616892985,0.007000650059652279,0.006969
2018-06-29,0.013922020552794977,-0.022151859823857385,-0.012793609746155008,0.0040297000780384245,-0.020148880031980825,0.025969
2018-07-06,0.0022921307610552864,-0.004696015083504306,-0.01533373416273807,-0.006693482582535222,-0.0002572943471551848,0.004969
2018-07-13,-0.012657566183407543,-0.019456007477753882,0.03435882840628046,0.02017054039238798,-0.0040948620642358505,0.002969
2018-07-20,0.0026430192624164565,0.006651384779010981,-0.005977076163830415,-0.010962380256271005,0.008745960577979462,0.020969
2018-07-27,0.01662379783773191,0.013020396630387992,-0.02452717973821505,-0.023411691075262947,0.015594526008202138,-0.003031
2018-08-03,0.002098297833505531,0.01839020574470035,-0.006070609985549327,-0.013520820738449596,0.009064048650747223,-0.011031
2018-08-10,0.0014953250006300052,-0.0014264261100778097,-0.010674718072677041,-0.010742534100299992,0.002435534960936216,0.000969
2018-08-17,0.004131359319246649,0.0032525396393953197,-0.009637724638666807,-0.005061852455913078,0.0017293725546952269,-0.014031
2018-08-24,-0.0056525382807221325,-0.004859711261310899,0.003183074176198371,0.002051251143871443,-0.0017106591113818725,0.001969
2018-08-31,-0.008723406095640481,0.0010790460397498312,0.001855953583290781,0.0019663637216879113,0.0048193453738515435,-0.005031
2018-09-07,0.005448088149817279,-0.0010800125633100626,-0.017732087974979327,-0.012801440284294148,-0.007150738950311722,0.003969
2018-09-14,0.0033135693401140595,0.01792609293570546,-0.012995214722789736,-0.013970439655125858,0.007808939941063326,-0.002031
2018-09-21,-0.013313424354362457,-0.0030098427664998484,0.017574834379858312,0.00374659166251453,0.002715537693521567,0.025969
2018-09-28,-0.00974657417365545,0.0006521540117805692,0.007505020875732742,-0.0013573757849700387,0.0027027922412138105,0.009969
2018-10-12,-0.012722183858177277,0.022199863391071332,0.013372978050800384,-0.015558213820247054,0.012177137171991259,0.009969
2018-10-19,-0.010320729835303641,0.007002760043072792,0.006653584288391259,0.006882287950200114,-0.00937642219014216,0.026969
2018-10-26,0.016283190269712068,0.02000688810335816,-0.0269032411105348,-0.02550113243516317,0.003361610033412621,-0.002031
2018-11-02,0.0006537167201372124,-0.016963849284546667,0.0082243194678907,0.017645511768743828,-0.01168966922556583,0.028969
2018-11-09,0.0274522182643332,-0.005161839651774659,-0.02308006455807329,-0.012621826965220448,-0.0006874952830926057,-0.013031
2018-11-16,0.02947553798373896,0.0012438299992244967,-0.027575583923796845,-0.004728934685121393,-0.009391873238035295,0.005969
2018-11-23,-0.005722510307753453,-0.0017524576953978491,0.0038435177979924268,-0.0027706019685430627,0.007108847528651026,-0.026031
2018-11-30,-0.004137764675155222,-0.007450826003299834,-0.0017927995265870147,-0.0020161381110984826,0.000933750288202188,0.007969
2018-12-07,0.0056021878210742995,-0.006448191464540952,-0.0036443671293763026,0.0024943862274191373,-0.004485563398086454,-3.1e-05
2018-12-14,-0.010971549131238078,0.004501153184081893,0.012294526688666338,0.0018537256985493593,0.003579112522788669,-0.018031
2018-12-21,0.007023223872145014,0.005218289180106455,-0.01464068956871444,-0.016120330099779097,0.005132667864172321,-0.009031
2018-12-28,-0.004853270013697999,0.0024093165076292038,0.013469937887264331,0.002028877176569417,0.00278809997544917,0.003969
2019-01-04,0.013268830830263851,0.0100661569533328,-0.03440494131570677,-0.01936849426859641,0.0064682345022467535,0.021969
2019-01-11,0.009731078340190834,-0.005812297396546623,-0.012403384302834905,0.0067886633115385965,-0.0025349828212176684,0.006969
2019-01-18,-0.00521540552455285,0.00113508939201685,0.018905588518149,0.0025658602857437968,0.009128596761243205,0.013969
2019-01-25,-9.580668555243354e-05,-0.007142824551025538,0.011052518081260796,0.008744881283150277,-0.00294960015274689,0.003969
2019-02-01,-0.029356410619425306,0.0023458466688219496,0.0258102317667152,0.012211183538223772,0.007759654717457584,0.014969
2019-02-15,0.015149667107801568,-0.02170866280611176,-0.01019052387422503,0.01702768108321314,-0.012250792088836893,-0.013031
2019-02-22,0.0033150387711686023,-0.0062412861047051885,-0.02261280879678175,0.007176855848390938,-0.011469093071403966,0.018969
2019-03-01,-0.00020593855555452872,0.0004008670575025852,-0.012747370665757506,-0.0062969171622119504,0.0005527329317946693,0.016969
2019-03-08,0.029580316331467488,-0.02065850236735259,-0.03579652708941393,0.011334116579926327,-0.0317891367295414,-0.041031
2019-03-15,0.007958840905716632,-0.001217475859458559,0.01434685024516619,-0.003532210312465006,0.01142758681780688,0.011969
2019-03-22,0.012364984317297795,9.237448701668316e-06,-0.017189419501514452,-0.009079953050969036,-0.01071985037378742,0.000969
2019-03-29,-0.009114178223551395,0.0008234402868803527,0.029229382959629437,0.016805137889058092,-0.0013059498756618545,0.032969
2019-04-04,0.0059979204032066845,0.0008147172122971378,-0.00015364642373631718,-0.008417598550981092,0.012496890595035712,0.009969
2019-04-12,0.011101909990614549,0.004191147535974807,-0.00895069968844507,-0.01839511382524484,0.0181524016281187,-0.001031
2019-04-19,0.008659020020431346,-0.0052614830636274965,-0.003212881605814868,0.005512142404281814,0.004525541046932077,0.008969
2019-04-26,-0.009655074277400671,-0.002531023424698825,0.01458678173841389,0.014562054805985832,-0.007915508126894781,-0.012031
2019-04-30,-0.012086974133553854,0.010029895717261306,0.025189160452427736,0.003707895055221979,0.0046146932095258286,0.004969
2019-05-10,0.003867850610951533,-0.002423525754061143,-0.00012843491530059592,-0.005939976866911126,-0.002887049538014122,0.032969
2019-05-17,0.006252863392830953,-0.004717466782540557,0.004865014740291447,-0.001131188313776843,0.0045610248325418865,-0.026031
2019-05-24,-0.0060934405475020865,0.005089490395210578,-0.003421135099182813,-0.014290439495162009,0.009807744571043872,-0.001031
2019-05-31,0.011572797091967969,-0.01154814082386378,-0.007673357329558437,-0.005440538122938151,0.004908868766844526,-0.003031
2019-06-06,-0.015929597355071552,0.010567022889410464,0.0015723406464499268,-0.0065897810500923975,0.003647517307838244,-0.013031
2019-06-14,0.003358355182228174,-0.006596782022210614,-0.005675553263598077,0.001639741293744154,-0.004744750909489792,-0.011031
2019-06-21,0.0005956504730407174,-0.0014020320277076807,0.004187372655523727,0.002475266535900564,-0.004239505799240664,0.005969
2019-06-28,-0.007102031718108053,-0.009781463419345602,0.013289261683408745,0.0009205896815863303,0.0025078489237369984,-0.005031
2019-07-05,0.0009119611843572172,0.0015920233500796507,0.00028262079065567366,0.005802973623733488,0.0035990060089191142,0.003969
2019-07-12,-0.0033206728206407856,0.0015758960027418211,0.005569850443633653,0.00937156543059927,0.007447894271749381,0.006969
2019-07-19,-0.003666449064514937,0.006215218899080117,-0.01466018117248836,-0.00591671408165402,-0.0005594356476516429,0.007969
2019-07-26,-0.00781001154997661,-0.011401496360853759,0.02065841239920168,0.009867842768385723,-0.0016067765482911402,0.001969
2019-08-02,-0.001271600307544211,-0.009987665803630705,0.00930405726150898,0.007060286451835666,-0.005809855642324936,-0.014031
2019-08-09,-0.007957828091237384,-0.015882019345257153,0.016373534952670785,0.008660853047535652,-0.003887860476231818,-0.008031
2019-08-16,0.0012390682759300586,-0.01848011302959909,0.005061222317235801,0.0073893179463209065,-0.006840951925633578,0.002969
2019-08-23,0.0063594504259968454,-0.0010991793464518382,-0.004856041690688324,0.002323782857906659,-0.00014316050851968798,0.003969
2019-08-30,-0.001019651141332374,-0.010018169308435859,0.0030704229392021537,0.004470798842456642,-0.004521861515906739,-0.003031
2019-09-06,0.0017636941233730114,-0.0028513376822016795,-0.011134638748264371,-0.0026689196021957642,-0.0013719274653534175,0.004969
2019-09-12,0.005849713115274042,0.0046430632262706405,-0.00803732313625983,0.0011991296644543632,-0.006208898067688953,0.006969
2019-09-20,0.0007827884953062588,-0.02061720434351702,0.017577584587703886,0.01221198921866588,-0.003506585634204874,0.001969
2019-09-27,-0.006105401786796489,0.0008182616565977907,0.011122577179227482,0.004567131489774598,0.0019223399703208466,0.002969
2019-09-30,-9.65736841236726e-05,-0.00021155115695081767,0.004922409850052015,0.002237046395091972,-0.0005469634316662645,-0.009031
2019-10-11,0.001875815723934325,0.005401524248550102,-0.0006796582719404178,0.008277868461629591,0.0014384843528737062,0.007969
2019-10-18,-0.001467600000204994,-0.0009961638228800328,0.012188029152327723,0.00841346344168361,-0.003416387780693753,-0.012031
2019-10-25,-0.0024826227594492,0.0010243125432324376,-0.009995609996385614,0.0004589497213642419,-0.006384291037875177,0.005969
2019-11-01,-0.00948187324337445,-0.011779021787428855,0.01323383335485315,0.003314585993003164,0.000393140615249879,0.010969
2019-11-08,-0.004532878364652146,-0.010712575094636231,0.01229833617801722,0.00904093923764338,0.002630048983775413,-0.005031
2019-11-15,-0.00706023058062748,-0.015180606528533234,0.01005698027099364,0.002662258377734282,-0.005709483410393318,-0.007031
2019-11-22,0.005231223955299457,0.0017190963690872885,-0.0007538276930332509,-0.011555732283876052,0.002089908621586884,-0.008031
2019-11-29,-0.00019198519826625802,0.012865384760253165,-0.004949910929864872,-0.005406312548102996,0.00451326699201274,-0.006031
2019-12-06,0.001993962955595716,-0.014558285548901456,-0.0027501794193306416,0.005314728655038289,-0.007974745056181554,0.004969
2019-12-13,-0.0036877497070176906,-0.003417816307706625,0.0006614968366806287,-0.0015802704735248599,-0.0024470294623968798,0.016969
2019-12-20,0.005219538151226241,0.00677555759945727,-0.016195178848408036,-0.012326777730019056,-0.008099430296681101,-0.005031
2019-12-27,-0.0042615587676914975,-0.006919481297865925,0.007966180750839498,0.004414772846014348,0.0027887017938338253,-0.002031
2020-01-03,-0.0034526299073482838,-0.005413682040683085,-0.00351392049085962,-0.0007303138312439034,-0.002919574543447045,0.000969
2020-01-10,0.006368464439131617,-0.018805089199717347,0.0061197032689632525,0.006107195087482784,-0.011361926589665764,-0.001031
2020-01-17,-0.005874663397296882,-0.01292320310922479,0.005917023811722608,0.01808060651025629,-0.0018154683347755718,-0.001031
2020-02-07,-0.008220481921087472,-0.03372785552039855,0.033074494625290295,0.02417343701223966,-0.011003315334714409,0.001969
2020-02-14,-0.008843407488140794,-0.0074697089622018575,-0.005436522070355953,0.0017610031632848515,0.003543148497751312,0.004969
2020-02-21,0.008742501804125077,-0.012781171926464371,-0.03734487491153299,-0.01521707932988714,-0.011589129371504787,0.004969
2020-02-28,0.0015864177773760484,0.012524245639737449,0.008230388259380016,0.0021985077580509997,0.0021077077666466558,-0.040031
2020-03-06,0.020055025028858833,0.003404732476968028,-0.01896469245539703,-0.006183818772556929,-0.0037042145858952186,-0.011031
2020-03-13,0.004923550790724113,0.0016519342997597525,-0.021818275561132985,-0.016931448423220998,0.005200573909478701,-0.012031
2020-03-20,0.007081259700565007,0.002565671215418598,0.0013704791542012568,-0.0038993184813242154,0.002572485856643325,0.015969
2020-03-27,-0.007171746781557509,0.0004390078025974303,0.027842776170505214,0.00880696047182867,0.0037216574505260923,0.000969
2020-04-03,-0.006804946834101303,-0.005349990118885648,0.007068726094579051,0.008007794649853642,0.0005875645253313796,-0.006031
2020-04-09,0.005629001531200486,-0.015917994598844867,-0.003702553076288532,-0.006161622794634128,-0.00205541769708599,0.004969
2020-04-17,-0.0009726453229487574,-0.011214461682459695,0.012859678131681929,0.009356554824216972,0.00691191704334336,0.005969
2020-04-24,0.0031731188296602684,-0.004958556026562006,0.0045439810017397575,0.007438003483677341,-0.002841555840189463,-0.011031
2020-04-29,-0.02237325036023542,0.0011159252757718154,0.01727151845326208,0.011344185623702622,-0.0018625499750400988,0.003969
2020-05-08,0.00294017484565662,-0.019436829352228846,0.0035583662004198408,0.007200355773937871,-0.0027551298827833,0.009969
2020-05-15,0.008346951715096834,-0.006886229887181536,0.00624294161744384,0.01101905981709418,-0.006843366235124741,-3.1e-05
2020-05-22,0.00361132800760249,0.005279243500854435,0.006952009980775754,0.003164112194632765,0.005470256038510299,-0.019031
2020-05-29,0.013068003839795578,-0.0023810444719401073,0.010788275383667938,0.01041656708452941,-0.004520355646974009,0.003969
2020-06-05,0.0024175548612812123,-0.0011262850126694255,-0.006671370206810783,-0.0009876766592841755,-0.008568040501040642,0.003969
2020-06-12,-0.0018175676138598306,-0.009669001560743577,0.013522814030701342,0.004400736389199517,0.004476673090460522,0.000969
2020-06-19,-0.002834173592086215,-0.00690339816027042,0.014307514246765502,0.00720749218659607,0.0018091576145287047,0.009969
2020-07-03,-0.010823347480325615,0.026524428696679203,0.004305811088779241,0.00720574397176027,0.003293513373541314,0.017969
2020-07-10,-0.0017042829184148107,-0.01734166106483348,-0.01790684919831781,0.00786172760477534,-0.019831679891174032,-0.014031
2020-07-17,0.0021899891501199493,0.002125379866042394,0.017228226122217232,0.0012911138008379552,0.012692838660488924,0.003969
2020-07-24,0.007366011366060023,-0.005666070694994518,-0.009092038638029765,-0.015891831965842287,0.0007341589425962725,-0.041031
2020-07-31,-0.0001612603613672086,-0.02053672515421091,0.003235126945845962,0.002173770560399864,-0.010916111067618174,0.008969
2020-08-07,0.007202628989443337,-0.014640896272896876,-0.027386008337067818,-0.012523736810170652,-0.002731540216988699,-0.011031
2020-08-14,0.0017565336028335474,0.02415183598317476,0.002999227772560353,-0.002903461095816024,0.005686386004451303,0.012969
2020-08-21,0.0006992728445319946,0.003446624737776517,0.00525064171884853,-0.004959912370982859,0.000291790205458305,0.006969
2020-08-28,-0.016149068209157014,-0.013756126857270715,0.027302464138841468,0.020206414229067344,-0.008012198970813234,0.016969
2020-09-04,0.004568159867261044,-0.0003748771308589964,-0.005068744144613328,-0.009490391193734442,-0.006543519563442189,-0.007031
2020-09-11,0.00879489468984898,0.0375611486623721,0.005500144386737314,-0.002627863329315035,0.018654627848895537,0.009969
2020-09-18,-0.006599274726156594,0.007370881888064402,-0.0008295286992817709,0.003841043330900264,0.0026521110541998204,0.019969
2020-09-25,-0.008812956196170833,-0.0070901511208745155,0.003257783955641809,0.0057491959427719355,-0.0049860216025295065,-0.001031
2020-09-30,-0.0048041198633368394,-0.008240962123308491,0.0076998159557608485,0.005025702765808585,-1.781283529617931e-05,-0.001031
2020-10-09,0.0016111351563512493,-0.0042609187924263076,-0.0012480618522475726,0.0007841304352846426,-0.0005877585315203528,0.020969
2020-10-16,4.293440654214251e-05,0.0038839203855173454,0.0129382309357223,-0.001650108804049524,0.009338216139381876,0.000969
2020-10-23,0.003929992795458183,0.015248211430685872,-0.0056993238486560535,-0.002895229304713361,0.010711385427788505,-0.012031
2020-10-30,-0.013689923364019484,-0.012854596422573614,0.02212750733810698,0.014920966051103298,0.004630330259074902,-0.018031
2020-11-06,-0.002281255985594479,0.005264306669110791,0.0008318118424218285,0.00045588075232654365,0.009073230486010941,-0.003031
2020-11-13,0.010855352374134855,-0.003200615723158404,-0.0008622477580096543,0.00037001002805169084,0.0015105352018321562,-0.007031
2020-11-20,0.008747798542111176,0.01862534257180882,-0.01249462324862171,-0.0066768201302102705,0.010260616705090113,0.004969
2020-11-27,-0.00023283584025334922,0.017561344484495086,-0.01479445664475006,-0.00292511274705435,0.008343844722388333,0.009969
2020-12-04,-0.008323174572669961,-0.024390311603367226,-0.0014105692062405335,0.003563740345787757,-0.010402912040052326,0.000969
2020-12-11,0.0003883334686346825,-0.0068107347091099285,0.014804079288858366,0.00759754148062368,-0.00035171530747996066,-0.011031
2020-12-18,-0.0016249730013613206,-0.002421416093979497,-8.42700834759666e-05,0.015694047683600706,0.009884230946044565,-0.003031
2020-12-24,0.0018072964838339207,-0.005980742386042111,-0.017012842025654316,0.0018076121326151672,0.013271174821548548,-0.006031
2020-12-31,-0.0126833995210771,-0.013671189043124723,-0.005391629421618265,0.009531004936440088,-0.007883283862682144,0.016969
